document_id,heat_number,element,value,unit,status,acceptance,safe_for_operational_use,evidence_ids
05_MATERIAL_CERTIFICATE,W3535,C,0.004,percent,OBSERVED,ACCEPTED,True,"[""EV-05_MATERIAL_CERTIFICATE-005""]"
05_MATERIAL_CERTIFICATE,W3535,Ni,58.1,percent,OBSERVED,ACCEPTED,True,"[""EV-05_MATERIAL_CERTIFICATE-006""]"
05_MATERIAL_CERTIFICATE,W3535,Co,0.04,percent,OBSERVED,ACCEPTED,True,"[""EV-05_MATERIAL_CERTIFICATE-007""]"
05_MATERIAL_CERTIFICATE,W3535,Cr,20.8,percent,OBSERVED,ACCEPTED,True,"[""EV-05_MATERIAL_CERTIFICATE-008""]"
05_MATERIAL_CERTIFICATE,W3535,Mo,8.05,percent,OBSERVED,ACCEPTED,True,"[""EV-05_MATERIAL_CERTIFICATE-009""]"
05_MATERIAL_CERTIFICATE,W3535,Nb,3.42,percent,OBSERVED,ACCEPTED,True,"[""EV-05_MATERIAL_CERTIFICATE-010""]"
05_MATERIAL_CERTIFICATE,W3535,Ta,0.0032,percent,OBSERVED,ACCEPTED,True,"[""EV-05_MATERIAL_CERTIFICATE-011""]"
05_MATERIAL_CERTIFICATE,W3535,B,0.0002,percent,PROPOSED_CROSS_DOCUMENT,REVIEW,False,"[""EV-05_MATERIAL_CERTIFICATE-012"", ""EV-07_LADLE_CHEMISTRY-009""]"
07_LADLE_CHEMISTRY,W3535,C,0.004,percent,OBSERVED,ACCEPTED,True,"[""EV-07_LADLE_CHEMISTRY-003""]"
07_LADLE_CHEMISTRY,W3535,Ni,58.14,percent,OBSERVED,ACCEPTED,True,"[""EV-07_LADLE_CHEMISTRY-004""]"
07_LADLE_CHEMISTRY,W3535,Cr,20.8,percent,OBSERVED,ACCEPTED,True,"[""EV-07_LADLE_CHEMISTRY-005""]"
07_LADLE_CHEMISTRY,W3535,Mo,8.05,percent,OBSERVED,ACCEPTED,True,"[""EV-07_LADLE_CHEMISTRY-006""]"
07_LADLE_CHEMISTRY,W3535,Nb,3.42,percent,OBSERVED,ACCEPTED,True,"[""EV-07_LADLE_CHEMISTRY-007""]"
07_LADLE_CHEMISTRY,W3535,Ta,0.0032,percent,OBSERVED,ACCEPTED,True,"[""EV-07_LADLE_CHEMISTRY-008""]"
07_LADLE_CHEMISTRY,W3535,B,0.0002,percent,OBSERVED,ACCEPTED,True,"[""EV-07_LADLE_CHEMISTRY-009""]"
