source,target,type,status,join_keys,corroboration,evidence
PO:PO-1001,PART:PN-70725,orders,LINKED,"[""po_number"", ""part_number""]",[],"[""EV-01_PURCHASE_ORDER-001"", ""EV-01_PURCHASE_ORDER-003""]"
PART:PN-70725,BOM:BOM-725-A,defined_by,LINKED,"[""part_number""]","[""po_number"", ""material_grade""]","[""EV-03_BOM_REVISION_3-003""]"
BOM:BOM-725-A,SPEC:SPEC-725:R9,requires,LINKED,"[""specification_number""]",[],"[""EV-03_BOM_REVISION_3-005""]"
SPEC:SPEC-725:R9,CERT:MTR-900,validated_against,LINKED,[],[],"[""EV-05_MATERIAL_CERTIFICATE-008"", ""EV-04_MATERIAL_SPEC_REVISION_9-004"", ""EV-04_MATERIAL_SPEC_REVISION_9-005"", ""EV-05_MATERIAL_CERTIFICATE-006"", ""EV-04_MATERIAL_SPEC_REVISION_9-006"", ""EV-05_MATERIAL_CERTIFICATE-009"", ""EV-04_MATERIAL_SPEC_REVISION_9-007"", ""EV-04_MATERIAL_SPEC_REVISION_9-008"", ""EV-05_MATERIAL_CERTIFICATE-007"", ""EV-05_MATERIAL_CERTIFICATE-010"", ""EV-05_MATERIAL_CERTIFICATE-011"", ""EV-08_MECHANICAL_PROPERTIES-003"", ""EV-04_MATERIAL_SPEC_REVISION_9-012"", ""EV-04_MATERIAL_SPEC_REVISION_9-013""]"
PO:PO-1001,COC:COC-77,covered_by,LINKED,"[""po_number""]","[""supplier""]","[""EV-01_PURCHASE_ORDER-001"", ""EV-06_CERTIFICATE_OF_CONFORMANCE-002""]"
COC:COC-77,CERT:MTR-900,references_certificate,LINKED,"[""certificate_number""]","[""heat_number"", ""supplier""]","[""EV-06_CERTIFICATE_OF_CONFORMANCE-003"", ""EV-05_MATERIAL_CERTIFICATE-001""]"
CERT:MTR-900,HEAT:W3535,certifies,LINKED,"[""heat_number""]",[],"[""EV-05_MATERIAL_CERTIFICATE-002""]"
HEAT:W3535,TEST:CHEM-W3535,has_test_results,LINKED,[],[],"[""EV-05_MATERIAL_CERTIFICATE-008""]"
HEAT:W3535,TEST:MECH-W3535,has_test_results,LINKED,[],[],"[""EV-08_MECHANICAL_PROPERTIES-003""]"
DOC:10_CERTIFICATE_DUPLICATE_SCAN,DOC:06_CERTIFICATE_OF_CONFORMANCE,duplicate_of,,,,[]
DOC:11_MATERIAL_SPEC_OLD_REVISION,DOC:04_MATERIAL_SPEC_REVISION_9,superseded_by,,,,[]
