field_id,document_id,name,value,unit,original_extraction,status,acceptance,confidence,critical,method,rationale,evidence_ids,safe_for_operational_use,analytics_only,requires_human_confirmation
FD-01_PURCHASE_ORDER-po_number,01_PURCHASE_ORDER,po_number,PO-1001,,PO-1001,OBSERVED,ACCEPTED,0.99,True,existing_ocr,Value supplied by the existing OCR adapter.,"[""EV-01_PURCHASE_ORDER-001""]",True,False,False
FD-01_PURCHASE_ORDER-supplier,01_PURCHASE_ORDER,supplier,Apex Metals,,Apex Metals,OBSERVED,ACCEPTED,0.99,False,existing_ocr,Value supplied by the existing OCR adapter.,"[""EV-01_PURCHASE_ORDER-002""]",True,False,False
FD-01_PURCHASE_ORDER-part_number,01_PURCHASE_ORDER,part_number,PN-70725,,PN-70725,OBSERVED,ACCEPTED,0.99,True,existing_ocr,Value supplied by the existing OCR adapter.,"[""EV-01_PURCHASE_ORDER-003""]",True,False,False
FD-01_PURCHASE_ORDER-material_grade,01_PURCHASE_ORDER,material_grade,INCONEL 725,,INCONEL alloy 725,NORMALISED,ACCEPTED,0.99,True,alias_normalisation,Mapped a configured material-grade alias to the canonical grade.,"[""EV-01_PURCHASE_ORDER-004""]",True,False,False
FD-01_PURCHASE_ORDER-quantity,01_PURCHASE_ORDER,quantity,45,pcs,45,OBSERVED,ACCEPTED,0.99,True,existing_ocr,Value supplied by the existing OCR adapter.,"[""EV-01_PURCHASE_ORDER-005""]",True,False,False
FD-01_PURCHASE_ORDER-unit_price,01_PURCHASE_ORDER,unit_price,125.0,USD,125.0,OBSERVED,ACCEPTED,0.99,False,existing_ocr,Value supplied by the existing OCR adapter.,"[""EV-01_PURCHASE_ORDER-006""]",True,False,False
FD-01_PURCHASE_ORDER-total_amount,01_PURCHASE_ORDER,total_amount,5625.0,USD,,DERIVED_DETERMINISTIC,ACCEPTED,0.99,False,quantity_times_unit_price,Calculated deterministically as quantity multiplied by unit price.,"[""EV-01_PURCHASE_ORDER-007"", ""EV-01_PURCHASE_ORDER-005"", ""EV-01_PURCHASE_ORDER-006""]",True,False,False
FD-01_PURCHASE_ORDER-revision,01_PURCHASE_ORDER,revision,3,,3,OBSERVED,ACCEPTED,0.99,False,existing_ocr,Value supplied by the existing OCR adapter.,"[""EV-01_PURCHASE_ORDER-008""]",True,False,False
FD-02_SUPPLIER_INVOICE-invoice_number,02_SUPPLIER_INVOICE,invoice_number,INV-8821,,INV-8821,OBSERVED,ACCEPTED,0.99,False,existing_ocr,Value supplied by the existing OCR adapter.,"[""EV-02_SUPPLIER_INVOICE-001""]",True,False,False
FD-02_SUPPLIER_INVOICE-po_number,02_SUPPLIER_INVOICE,po_number,PO-1001,,PO-1001,OBSERVED,ACCEPTED,0.99,True,existing_ocr,Value supplied by the existing OCR adapter.,"[""EV-02_SUPPLIER_INVOICE-002""]",True,False,False
FD-02_SUPPLIER_INVOICE-supplier,02_SUPPLIER_INVOICE,supplier,Apex Metals,,Apex Metals,OBSERVED,ACCEPTED,0.99,False,existing_ocr,Value supplied by the existing OCR adapter.,"[""EV-02_SUPPLIER_INVOICE-003""]",True,False,False
FD-02_SUPPLIER_INVOICE-part_number,02_SUPPLIER_INVOICE,part_number,PN-70725,,,RECOVERED_CROSS_DOCUMENT,ACCEPTED,0.99,True,cross_document_exact_join,Recovered from the authoritative purchase order only after exact PO-number and supplier corroboration.,"[""EV-02_SUPPLIER_INVOICE-004"", ""EV-01_PURCHASE_ORDER-003""]",True,False,False
FD-02_SUPPLIER_INVOICE-quantity,02_SUPPLIER_INVOICE,quantity,44,pcs,44,OBSERVED,ACCEPTED,0.99,True,existing_ocr,Value supplied by the existing OCR adapter.,"[""EV-02_SUPPLIER_INVOICE-005""]",True,False,False
FD-02_SUPPLIER_INVOICE-unit_price,02_SUPPLIER_INVOICE,unit_price,125.0,USD,125.0,OBSERVED,ACCEPTED,0.99,False,existing_ocr,Value supplied by the existing OCR adapter.,"[""EV-02_SUPPLIER_INVOICE-006""]",True,False,False
FD-02_SUPPLIER_INVOICE-total_amount,02_SUPPLIER_INVOICE,total_amount,5500.0,USD,5500.0,OBSERVED,ACCEPTED,0.99,False,existing_ocr,Value supplied by the existing OCR adapter.,"[""EV-02_SUPPLIER_INVOICE-007""]",True,False,False
FD-03_BOM_REVISION_3-bom_number,03_BOM_REVISION_3,bom_number,BOM-725-A,,BOM-725-A,OBSERVED,ACCEPTED,0.99,False,existing_ocr,Value supplied by the existing OCR adapter.,"[""EV-03_BOM_REVISION_3-001""]",True,False,False
FD-03_BOM_REVISION_3-po_number,03_BOM_REVISION_3,po_number,PO-1001,,PO-1001,OBSERVED,ACCEPTED,0.99,True,existing_ocr,Value supplied by the existing OCR adapter.,"[""EV-03_BOM_REVISION_3-002""]",True,False,False
FD-03_BOM_REVISION_3-part_number,03_BOM_REVISION_3,part_number,PN-70725,,PN-7O725,RECOVERED_OCR,ACCEPTED,0.98,True,ocr_confusion_with_domain_candidate,Replaced an OCR O/0 confusion only after the result matched the configured part registry.,"[""EV-03_BOM_REVISION_3-003""]",True,False,False
FD-03_BOM_REVISION_3-material_grade,03_BOM_REVISION_3,material_grade,INCONEL 725,,UNS N07725,NORMALISED,ACCEPTED,0.99,True,alias_normalisation,Mapped a configured material-grade alias to the canonical grade.,"[""EV-03_BOM_REVISION_3-004""]",True,False,False
FD-03_BOM_REVISION_3-specification_number,03_BOM_REVISION_3,specification_number,SPEC-725,,SPEC-725,OBSERVED,ACCEPTED,0.99,False,existing_ocr,Value supplied by the existing OCR adapter.,"[""EV-03_BOM_REVISION_3-005""]",True,False,False
FD-03_BOM_REVISION_3-revision,03_BOM_REVISION_3,revision,3,,3,OBSERVED,ACCEPTED,0.99,False,existing_ocr,Value supplied by the existing OCR adapter.,"[""EV-03_BOM_REVISION_3-006""]",True,False,False
FD-04_MATERIAL_SPEC_REVISION_9-specification_number,04_MATERIAL_SPEC_REVISION_9,specification_number,SPEC-725,,SPEC-725,OBSERVED,ACCEPTED,0.99,False,existing_ocr,Value supplied by the existing OCR adapter.,"[""EV-04_MATERIAL_SPEC_REVISION_9-001""]",True,False,False
FD-04_MATERIAL_SPEC_REVISION_9-material_grade,04_MATERIAL_SPEC_REVISION_9,material_grade,INCONEL 725,,INCONEL 725,OBSERVED,ACCEPTED,0.99,True,existing_ocr,Value supplied by the existing OCR adapter.,"[""EV-04_MATERIAL_SPEC_REVISION_9-002""]",True,False,False
FD-04_MATERIAL_SPEC_REVISION_9-revision,04_MATERIAL_SPEC_REVISION_9,revision,9,,9,OBSERVED,ACCEPTED,0.99,False,existing_ocr,Value supplied by the existing OCR adapter.,"[""EV-04_MATERIAL_SPEC_REVISION_9-003""]",True,False,False
FD-04_MATERIAL_SPEC_REVISION_9-limit.Cr.min,04_MATERIAL_SPEC_REVISION_9,limit.Cr.min,19.0,percent,19.0,OBSERVED,ACCEPTED,0.99,False,existing_ocr,Value supplied by the existing OCR adapter.,"[""EV-04_MATERIAL_SPEC_REVISION_9-004""]",True,False,False
FD-04_MATERIAL_SPEC_REVISION_9-limit.Cr.max,04_MATERIAL_SPEC_REVISION_9,limit.Cr.max,22.5,percent,22.5,OBSERVED,ACCEPTED,0.99,False,existing_ocr,Value supplied by the existing OCR adapter.,"[""EV-04_MATERIAL_SPEC_REVISION_9-005""]",True,False,False
FD-04_MATERIAL_SPEC_REVISION_9-limit.Ni.min,04_MATERIAL_SPEC_REVISION_9,limit.Ni.min,55.0,percent,55.0,OBSERVED,ACCEPTED,0.99,False,existing_ocr,Value supplied by the existing OCR adapter.,"[""EV-04_MATERIAL_SPEC_REVISION_9-006""]",True,False,False
FD-04_MATERIAL_SPEC_REVISION_9-limit.Mo.min,04_MATERIAL_SPEC_REVISION_9,limit.Mo.min,7.0,percent,7.0,OBSERVED,ACCEPTED,0.99,False,existing_ocr,Value supplied by the existing OCR adapter.,"[""EV-04_MATERIAL_SPEC_REVISION_9-007""]",True,False,False
FD-04_MATERIAL_SPEC_REVISION_9-limit.Mo.max,04_MATERIAL_SPEC_REVISION_9,limit.Mo.max,9.5,percent,9.5,OBSERVED,ACCEPTED,0.99,False,existing_ocr,Value supplied by the existing OCR adapter.,"[""EV-04_MATERIAL_SPEC_REVISION_9-008""]",True,False,False
FD-04_MATERIAL_SPEC_REVISION_9-limit.NbTa.min,04_MATERIAL_SPEC_REVISION_9,limit.NbTa.min,2.75,percent,2.75,OBSERVED,ACCEPTED,0.99,False,existing_ocr,Value supplied by the existing OCR adapter.,"[""EV-04_MATERIAL_SPEC_REVISION_9-009""]",True,False,False
FD-04_MATERIAL_SPEC_REVISION_9-limit.NbTa.max,04_MATERIAL_SPEC_REVISION_9,limit.NbTa.max,4.0,percent,4.0,OBSERVED,ACCEPTED,0.99,False,existing_ocr,Value supplied by the existing OCR adapter.,"[""EV-04_MATERIAL_SPEC_REVISION_9-010""]",True,False,False
FD-04_MATERIAL_SPEC_REVISION_9-limit.B.max,04_MATERIAL_SPEC_REVISION_9,limit.B.max,0.006,percent,0.006,OBSERVED,ACCEPTED,0.99,False,existing_ocr,Value supplied by the existing OCR adapter.,"[""EV-04_MATERIAL_SPEC_REVISION_9-011""]",True,False,False
FD-04_MATERIAL_SPEC_REVISION_9-limit.tensile.min,04_MATERIAL_SPEC_REVISION_9,limit.tensile.min,827.0,MPa,827.0,OBSERVED,ACCEPTED,0.99,False,existing_ocr,Value supplied by the existing OCR adapter.,"[""EV-04_MATERIAL_SPEC_REVISION_9-012""]",True,False,False
FD-04_MATERIAL_SPEC_REVISION_9-limit.tensile.max,04_MATERIAL_SPEC_REVISION_9,limit.tensile.max,1034.0,MPa,1034.0,OBSERVED,ACCEPTED,0.99,False,existing_ocr,Value supplied by the existing OCR adapter.,"[""EV-04_MATERIAL_SPEC_REVISION_9-013""]",True,False,False
FD-05_MATERIAL_CERTIFICATE-certificate_number,05_MATERIAL_CERTIFICATE,certificate_number,MTR-900,,MTR-900,OBSERVED,ACCEPTED,0.99,False,existing_ocr,Value supplied by the existing OCR adapter.,"[""EV-05_MATERIAL_CERTIFICATE-001""]",True,False,False
FD-05_MATERIAL_CERTIFICATE-heat_number,05_MATERIAL_CERTIFICATE,heat_number,W3535,,W3535,OBSERVED,ACCEPTED,0.99,True,existing_ocr,Value supplied by the existing OCR adapter.,"[""EV-05_MATERIAL_CERTIFICATE-002""]",True,False,False
FD-05_MATERIAL_CERTIFICATE-material_grade,05_MATERIAL_CERTIFICATE,material_grade,INCONEL 725,,INCONEL 725,OBSERVED,ACCEPTED,0.99,True,existing_ocr,Value supplied by the existing OCR adapter.,"[""EV-05_MATERIAL_CERTIFICATE-003""]",True,False,False
FD-05_MATERIAL_CERTIFICATE-supplier,05_MATERIAL_CERTIFICATE,supplier,Apex Metals,,Apex Metals,OBSERVED,ACCEPTED,0.99,False,existing_ocr,Value supplied by the existing OCR adapter.,"[""EV-05_MATERIAL_CERTIFICATE-004""]",True,False,False
FD-05_MATERIAL_CERTIFICATE-chemistry.C,05_MATERIAL_CERTIFICATE,chemistry.C,0.004,percent,0.004,OBSERVED,ACCEPTED,0.99,False,existing_ocr,Value supplied by the existing OCR adapter.,"[""EV-05_MATERIAL_CERTIFICATE-005""]",True,False,False
FD-05_MATERIAL_CERTIFICATE-chemistry.Ni,05_MATERIAL_CERTIFICATE,chemistry.Ni,58.1,percent,58.1,OBSERVED,ACCEPTED,0.99,True,existing_ocr,Value supplied by the existing OCR adapter.,"[""EV-05_MATERIAL_CERTIFICATE-006""]",True,False,False
FD-05_MATERIAL_CERTIFICATE-chemistry.Co,05_MATERIAL_CERTIFICATE,chemistry.Co,0.04,percent,0.04,OBSERVED,ACCEPTED,0.99,False,existing_ocr,Value supplied by the existing OCR adapter.,"[""EV-05_MATERIAL_CERTIFICATE-007""]",True,False,False
FD-05_MATERIAL_CERTIFICATE-chemistry.Cr,05_MATERIAL_CERTIFICATE,chemistry.Cr,20.8,percent,20.8,OBSERVED,ACCEPTED,0.99,True,existing_ocr,Value supplied by the existing OCR adapter.,"[""EV-05_MATERIAL_CERTIFICATE-008""]",True,False,False
FD-05_MATERIAL_CERTIFICATE-chemistry.Mo,05_MATERIAL_CERTIFICATE,chemistry.Mo,8.05,percent,8.05,OBSERVED,ACCEPTED,0.99,False,existing_ocr,Value supplied by the existing OCR adapter.,"[""EV-05_MATERIAL_CERTIFICATE-009""]",True,False,False
FD-05_MATERIAL_CERTIFICATE-chemistry.Nb,05_MATERIAL_CERTIFICATE,chemistry.Nb,3.42,percent,3.42,OBSERVED,ACCEPTED,0.99,False,existing_ocr,Value supplied by the existing OCR adapter.,"[""EV-05_MATERIAL_CERTIFICATE-010""]",True,False,False
FD-05_MATERIAL_CERTIFICATE-chemistry.Ta,05_MATERIAL_CERTIFICATE,chemistry.Ta,0.0032,percent,0.0032,OBSERVED,ACCEPTED,0.99,False,existing_ocr,Value supplied by the existing OCR adapter.,"[""EV-05_MATERIAL_CERTIFICATE-011""]",True,False,False
FD-05_MATERIAL_CERTIFICATE-chemistry.B,05_MATERIAL_CERTIFICATE,chemistry.B,0.0002,percent,,PROPOSED_CROSS_DOCUMENT,REVIEW,0.92,False,cross_document_heat_candidate,"Same-heat ladle analysis supplies a candidate, but the domain pack does not permit treating it as the certificate's observed product result.","[""EV-05_MATERIAL_CERTIFICATE-012"", ""EV-07_LADLE_CHEMISTRY-009""]",False,False,True
FD-05_MATERIAL_CERTIFICATE-tensile_strength_mpa,05_MATERIAL_CERTIFICATE,tensile_strength_mpa,910.0,MPa,,PROPOSED_VLM,REVIEW,0.91,True,cropped_region_vlm_adapter_simulated,Only the obscured mechanical-table crop was routed; candidate is not auto-accepted.,"[""EV-05_MATERIAL_CERTIFICATE-013""]",False,False,True
FD-06_CERTIFICATE_OF_CONFORMANCE-coc_number,06_CERTIFICATE_OF_CONFORMANCE,coc_number,COC-77,,COC-77,OBSERVED,ACCEPTED,0.99,False,existing_ocr,Value supplied by the existing OCR adapter.,"[""EV-06_CERTIFICATE_OF_CONFORMANCE-001""]",True,False,False
FD-06_CERTIFICATE_OF_CONFORMANCE-po_number,06_CERTIFICATE_OF_CONFORMANCE,po_number,PO-1001,,PO-1001,OBSERVED,ACCEPTED,0.99,True,existing_ocr,Value supplied by the existing OCR adapter.,"[""EV-06_CERTIFICATE_OF_CONFORMANCE-002""]",True,False,False
FD-06_CERTIFICATE_OF_CONFORMANCE-certificate_number,06_CERTIFICATE_OF_CONFORMANCE,certificate_number,MTR-900,,MTR-900,OBSERVED,ACCEPTED,0.99,False,existing_ocr,Value supplied by the existing OCR adapter.,"[""EV-06_CERTIFICATE_OF_CONFORMANCE-003""]",True,False,False
FD-06_CERTIFICATE_OF_CONFORMANCE-heat_number,06_CERTIFICATE_OF_CONFORMANCE,heat_number,W3535,,W3535,OBSERVED,ACCEPTED,0.99,True,existing_ocr,Value supplied by the existing OCR adapter.,"[""EV-06_CERTIFICATE_OF_CONFORMANCE-004""]",True,False,False
FD-06_CERTIFICATE_OF_CONFORMANCE-supplier,06_CERTIFICATE_OF_CONFORMANCE,supplier,Apex Metals,,Apex Metals,OBSERVED,ACCEPTED,0.99,False,existing_ocr,Value supplied by the existing OCR adapter.,"[""EV-06_CERTIFICATE_OF_CONFORMANCE-005""]",True,False,False
FD-07_LADLE_CHEMISTRY-heat_number,07_LADLE_CHEMISTRY,heat_number,W3535,,W3535,OBSERVED,ACCEPTED,0.99,True,existing_ocr,Value supplied by the existing OCR adapter.,"[""EV-07_LADLE_CHEMISTRY-001""]",True,False,False
FD-07_LADLE_CHEMISTRY-material_grade,07_LADLE_CHEMISTRY,material_grade,INCONEL 725,,INCONEL 725,OBSERVED,ACCEPTED,0.99,True,existing_ocr,Value supplied by the existing OCR adapter.,"[""EV-07_LADLE_CHEMISTRY-002""]",True,False,False
FD-07_LADLE_CHEMISTRY-chemistry.C,07_LADLE_CHEMISTRY,chemistry.C,0.004,percent,0.004,OBSERVED,ACCEPTED,0.99,False,existing_ocr,Value supplied by the existing OCR adapter.,"[""EV-07_LADLE_CHEMISTRY-003""]",True,False,False
FD-07_LADLE_CHEMISTRY-chemistry.Ni,07_LADLE_CHEMISTRY,chemistry.Ni,58.14,percent,58.14,OBSERVED,ACCEPTED,0.99,True,existing_ocr,Value supplied by the existing OCR adapter.,"[""EV-07_LADLE_CHEMISTRY-004""]",True,False,False
FD-07_LADLE_CHEMISTRY-chemistry.Cr,07_LADLE_CHEMISTRY,chemistry.Cr,20.8,percent,20.8,OBSERVED,ACCEPTED,0.99,True,existing_ocr,Value supplied by the existing OCR adapter.,"[""EV-07_LADLE_CHEMISTRY-005""]",True,False,False
FD-07_LADLE_CHEMISTRY-chemistry.Mo,07_LADLE_CHEMISTRY,chemistry.Mo,8.05,percent,8.05,OBSERVED,ACCEPTED,0.99,False,existing_ocr,Value supplied by the existing OCR adapter.,"[""EV-07_LADLE_CHEMISTRY-006""]",True,False,False
FD-07_LADLE_CHEMISTRY-chemistry.Nb,07_LADLE_CHEMISTRY,chemistry.Nb,3.42,percent,3.42,OBSERVED,ACCEPTED,0.99,False,existing_ocr,Value supplied by the existing OCR adapter.,"[""EV-07_LADLE_CHEMISTRY-007""]",True,False,False
FD-07_LADLE_CHEMISTRY-chemistry.Ta,07_LADLE_CHEMISTRY,chemistry.Ta,0.0032,percent,0.0032,OBSERVED,ACCEPTED,0.99,False,existing_ocr,Value supplied by the existing OCR adapter.,"[""EV-07_LADLE_CHEMISTRY-008""]",True,False,False
FD-07_LADLE_CHEMISTRY-chemistry.B,07_LADLE_CHEMISTRY,chemistry.B,0.0002,percent,0.0002,OBSERVED,ACCEPTED,0.99,False,existing_ocr,Value supplied by the existing OCR adapter.,"[""EV-07_LADLE_CHEMISTRY-009""]",True,False,False
FD-08_MECHANICAL_PROPERTIES-heat_number,08_MECHANICAL_PROPERTIES,heat_number,W3535,,W3535,OBSERVED,ACCEPTED,0.99,True,existing_ocr,Value supplied by the existing OCR adapter.,"[""EV-08_MECHANICAL_PROPERTIES-001""]",True,False,False
FD-08_MECHANICAL_PROPERTIES-part_number,08_MECHANICAL_PROPERTIES,part_number,PN-70725,,PN-70725,OBSERVED,ACCEPTED,0.99,True,existing_ocr,Value supplied by the existing OCR adapter.,"[""EV-08_MECHANICAL_PROPERTIES-002""]",True,False,False
FD-08_MECHANICAL_PROPERTIES-tensile_strength_mpa,08_MECHANICAL_PROPERTIES,tensile_strength_mpa,910.107963,MPa,132000.0,RECOVERED_UNIT,ACCEPTED,0.99,True,unit_constraint_recovery,The displayed magnitude is impossible in MPa but valid after deterministic psi-to-MPa conversion.,"[""EV-08_MECHANICAL_PROPERTIES-003""]",True,False,False
FD-08_MECHANICAL_PROPERTIES-yield_strength_psi,08_MECHANICAL_PROPERTIES,yield_strength_psi,126000.0,psi,126000.0,OBSERVED,ACCEPTED,0.99,False,existing_ocr,Value supplied by the existing OCR adapter.,"[""EV-08_MECHANICAL_PROPERTIES-004""]",True,False,False
FD-08_MECHANICAL_PROPERTIES-elongation_percent,08_MECHANICAL_PROPERTIES,elongation_percent,24.0,percent,24.0,OBSERVED,ACCEPTED,0.99,False,existing_ocr,Value supplied by the existing OCR adapter.,"[""EV-08_MECHANICAL_PROPERTIES-005""]",True,False,False
FD-09_HARDNESS_TABLE-heat_number,09_HARDNESS_TABLE,heat_number,W3535,,W3535,OBSERVED,ACCEPTED,0.99,True,existing_ocr,Value supplied by the existing OCR adapter.,"[""EV-09_HARDNESS_TABLE-001""]",True,False,False
FD-09_HARDNESS_TABLE-hardness_readings_hrc,09_HARDNESS_TABLE,hardness_readings_hrc,"[38.6, null, 39.2, 39.0]",HRC,"[38.6, null, 39.2, 39.0]",LOW_CONFIDENCE,REVIEW,0.79,False,existing_ocr,Value supplied by the existing OCR adapter.,"[""EV-09_HARDNESS_TABLE-002""]",False,False,True
FD-11_MATERIAL_SPEC_OLD_REVISION-specification_number,11_MATERIAL_SPEC_OLD_REVISION,specification_number,SPEC-725,,SPEC-725,OBSERVED,ACCEPTED,0.99,False,existing_ocr,Value supplied by the existing OCR adapter.,"[""EV-11_MATERIAL_SPEC_OLD_REVISION-001""]",True,False,False
FD-11_MATERIAL_SPEC_OLD_REVISION-material_grade,11_MATERIAL_SPEC_OLD_REVISION,material_grade,INCONEL 725,,INCONEL 725,OBSERVED,ACCEPTED,0.99,True,existing_ocr,Value supplied by the existing OCR adapter.,"[""EV-11_MATERIAL_SPEC_OLD_REVISION-002""]",True,False,False
FD-11_MATERIAL_SPEC_OLD_REVISION-revision,11_MATERIAL_SPEC_OLD_REVISION,revision,8,,8,OBSERVED,ACCEPTED,0.99,False,existing_ocr,Value supplied by the existing OCR adapter.,"[""EV-11_MATERIAL_SPEC_OLD_REVISION-003""]",True,False,False
FD-11_MATERIAL_SPEC_OLD_REVISION-limit.Cr.min,11_MATERIAL_SPEC_OLD_REVISION,limit.Cr.min,19.0,percent,19.0,OBSERVED,ACCEPTED,0.99,False,existing_ocr,Value supplied by the existing OCR adapter.,"[""EV-11_MATERIAL_SPEC_OLD_REVISION-004""]",True,False,False
FD-11_MATERIAL_SPEC_OLD_REVISION-limit.Cr.max,11_MATERIAL_SPEC_OLD_REVISION,limit.Cr.max,21.0,percent,21.0,OBSERVED,ACCEPTED,0.99,False,existing_ocr,Value supplied by the existing OCR adapter.,"[""EV-11_MATERIAL_SPEC_OLD_REVISION-005""]",True,False,False
FD-11_MATERIAL_SPEC_OLD_REVISION-limit.Ni.min,11_MATERIAL_SPEC_OLD_REVISION,limit.Ni.min,55.0,percent,55.0,OBSERVED,ACCEPTED,0.99,False,existing_ocr,Value supplied by the existing OCR adapter.,"[""EV-11_MATERIAL_SPEC_OLD_REVISION-006""]",True,False,False
FD-11_MATERIAL_SPEC_OLD_REVISION-limit.Mo.min,11_MATERIAL_SPEC_OLD_REVISION,limit.Mo.min,7.0,percent,7.0,OBSERVED,ACCEPTED,0.99,False,existing_ocr,Value supplied by the existing OCR adapter.,"[""EV-11_MATERIAL_SPEC_OLD_REVISION-007""]",True,False,False
FD-11_MATERIAL_SPEC_OLD_REVISION-limit.Mo.max,11_MATERIAL_SPEC_OLD_REVISION,limit.Mo.max,9.5,percent,9.5,OBSERVED,ACCEPTED,0.99,False,existing_ocr,Value supplied by the existing OCR adapter.,"[""EV-11_MATERIAL_SPEC_OLD_REVISION-008""]",True,False,False
FD-12_FINAL_INSPECTION-part_number,12_FINAL_INSPECTION,part_number,PN-70725,,PN-70725,OBSERVED,ACCEPTED,0.99,True,existing_ocr,Value supplied by the existing OCR adapter.,"[""EV-12_FINAL_INSPECTION-001""]",True,False,False
FD-12_FINAL_INSPECTION-heat_number,12_FINAL_INSPECTION,heat_number,W3535,,W3535,OBSERVED,ACCEPTED,0.99,True,existing_ocr,Value supplied by the existing OCR adapter.,"[""EV-12_FINAL_INSPECTION-002""]",True,False,False
FD-12_FINAL_INSPECTION-quantity_inspected,12_FINAL_INSPECTION,quantity_inspected,45,pcs,45,OBSERVED,ACCEPTED,0.99,False,existing_ocr,Value supplied by the existing OCR adapter.,"[""EV-12_FINAL_INSPECTION-003""]",True,False,False
FD-12_FINAL_INSPECTION-quantity_accepted,12_FINAL_INSPECTION,quantity_accepted,45,pcs,45,OBSERVED,ACCEPTED,0.99,False,existing_ocr,Value supplied by the existing OCR adapter.,"[""EV-12_FINAL_INSPECTION-004""]",True,False,False
FD-12_FINAL_INSPECTION-inspector_signoff,12_FINAL_INSPECTION,inspector_signoff,,,,MISSING,NOT_ACCEPTED,0.0,False,existing_ocr,Blank in existing OCR output.,"[""EV-12_FINAL_INSPECTION-005""]",False,False,False
FD-09_HARDNESS_TABLE-hardness_row_9_col_2_hrc,09_HARDNESS_TABLE,hardness_row_9_col_2_hrc,39.0,HRC,,ANALYTICS_ONLY,ANALYTICS_ONLY,0.0,False,same_row_median_imputation,Median of visible same-row readings; never represented as a certified measurement.,"[""EV-09_HARDNESS_TABLE-002""]",False,True,False
FD-CONNECTED-PO-1001-quantity,CONNECTED-PO-1001,quantity,,pcs,"[{""document_id"": ""01_PURCHASE_ORDER"", ""document_type"": ""purchase_order"", ""value"": 45, ""authority_rank"": 1}, {""document_id"": ""02_SUPPLIER_INVOICE"", ""document_type"": ""invoice"", ""value"": 44, ""authority_rank"": 2}]",CONFLICT,REVIEW,0.0,True,cross_document_conflict_detection,Sources disagree on quantity; source authority is recorded but no value is silently selected.,"[""EV-01_PURCHASE_ORDER-005"", ""EV-02_SUPPLIER_INVOICE-005""]",False,False,True
