document_id,requirement,value,unit,status,evidence_ids
04_MATERIAL_SPEC_REVISION_9,limit.Cr.min,19.0,percent,OBSERVED,"[""EV-04_MATERIAL_SPEC_REVISION_9-004""]"
04_MATERIAL_SPEC_REVISION_9,limit.Cr.max,22.5,percent,OBSERVED,"[""EV-04_MATERIAL_SPEC_REVISION_9-005""]"
04_MATERIAL_SPEC_REVISION_9,limit.Ni.min,55.0,percent,OBSERVED,"[""EV-04_MATERIAL_SPEC_REVISION_9-006""]"
04_MATERIAL_SPEC_REVISION_9,limit.Mo.min,7.0,percent,OBSERVED,"[""EV-04_MATERIAL_SPEC_REVISION_9-007""]"
04_MATERIAL_SPEC_REVISION_9,limit.Mo.max,9.5,percent,OBSERVED,"[""EV-04_MATERIAL_SPEC_REVISION_9-008""]"
04_MATERIAL_SPEC_REVISION_9,limit.NbTa.min,2.75,percent,OBSERVED,"[""EV-04_MATERIAL_SPEC_REVISION_9-009""]"
04_MATERIAL_SPEC_REVISION_9,limit.NbTa.max,4.0,percent,OBSERVED,"[""EV-04_MATERIAL_SPEC_REVISION_9-010""]"
04_MATERIAL_SPEC_REVISION_9,limit.B.max,0.006,percent,OBSERVED,"[""EV-04_MATERIAL_SPEC_REVISION_9-011""]"
04_MATERIAL_SPEC_REVISION_9,limit.tensile.min,827.0,MPa,OBSERVED,"[""EV-04_MATERIAL_SPEC_REVISION_9-012""]"
04_MATERIAL_SPEC_REVISION_9,limit.tensile.max,1034.0,MPa,OBSERVED,"[""EV-04_MATERIAL_SPEC_REVISION_9-013""]"
11_MATERIAL_SPEC_OLD_REVISION,limit.Cr.min,19.0,percent,OBSERVED,"[""EV-11_MATERIAL_SPEC_OLD_REVISION-004""]"
11_MATERIAL_SPEC_OLD_REVISION,limit.Cr.max,21.0,percent,OBSERVED,"[""EV-11_MATERIAL_SPEC_OLD_REVISION-005""]"
11_MATERIAL_SPEC_OLD_REVISION,limit.Ni.min,55.0,percent,OBSERVED,"[""EV-11_MATERIAL_SPEC_OLD_REVISION-006""]"
11_MATERIAL_SPEC_OLD_REVISION,limit.Mo.min,7.0,percent,OBSERVED,"[""EV-11_MATERIAL_SPEC_OLD_REVISION-007""]"
11_MATERIAL_SPEC_OLD_REVISION,limit.Mo.max,9.5,percent,OBSERVED,"[""EV-11_MATERIAL_SPEC_OLD_REVISION-008""]"
