document_id,row,column,value,unit,status,source
DOC-05,1,1,38.5,HRC,RECOVERED,C:/Users/k18ka/Downloads/WhatsApp Image 2026-08-12 at 13.51.00.jpeg
DOC-05,1,2,38.4,HRC,RECOVERED,C:/Users/k18ka/Downloads/WhatsApp Image 2026-08-12 at 13.51.00.jpeg
DOC-05,1,3,38.9,HRC,RECOVERED,C:/Users/k18ka/Downloads/WhatsApp Image 2026-08-12 at 13.51.00.jpeg
DOC-05,1,4,38.6,HRC,RECOVERED,C:/Users/k18ka/Downloads/WhatsApp Image 2026-08-12 at 13.51.00.jpeg
DOC-05,2,1,37.9,HRC,RECOVERED,C:/Users/k18ka/Downloads/WhatsApp Image 2026-08-12 at 13.51.00.jpeg
DOC-05,2,2,38.6,HRC,RECOVERED,C:/Users/k18ka/Downloads/WhatsApp Image 2026-08-12 at 13.51.00.jpeg
DOC-05,2,3,38.4,HRC,RECOVERED,C:/Users/k18ka/Downloads/WhatsApp Image 2026-08-12 at 13.51.00.jpeg
DOC-05,2,4,38.3,HRC,RECOVERED,C:/Users/k18ka/Downloads/WhatsApp Image 2026-08-12 at 13.51.00.jpeg
DOC-05,3,1,36.7,HRC,RECOVERED,C:/Users/k18ka/Downloads/WhatsApp Image 2026-08-12 at 13.51.00.jpeg
DOC-05,3,2,37.2,HRC,RECOVERED,C:/Users/k18ka/Downloads/WhatsApp Image 2026-08-12 at 13.51.00.jpeg
DOC-05,3,3,37.4,HRC,RECOVERED,C:/Users/k18ka/Downloads/WhatsApp Image 2026-08-12 at 13.51.00.jpeg
DOC-05,3,4,37.1,HRC,RECOVERED,C:/Users/k18ka/Downloads/WhatsApp Image 2026-08-12 at 13.51.00.jpeg
DOC-05,4,1,38.6,HRC,RECOVERED,C:/Users/k18ka/Downloads/WhatsApp Image 2026-08-12 at 13.51.00.jpeg
DOC-05,4,2,38.2,HRC,RECOVERED,C:/Users/k18ka/Downloads/WhatsApp Image 2026-08-12 at 13.51.00.jpeg
DOC-05,4,3,38.6,HRC,RECOVERED,C:/Users/k18ka/Downloads/WhatsApp Image 2026-08-12 at 13.51.00.jpeg
DOC-05,4,4,38.5,HRC,RECOVERED,C:/Users/k18ka/Downloads/WhatsApp Image 2026-08-12 at 13.51.00.jpeg
DOC-05,5,1,38.8,HRC,RECOVERED,C:/Users/k18ka/Downloads/WhatsApp Image 2026-08-12 at 13.51.00.jpeg
DOC-05,5,2,38.4,HRC,RECOVERED,C:/Users/k18ka/Downloads/WhatsApp Image 2026-08-12 at 13.51.00.jpeg
DOC-05,5,3,39.0,HRC,RECOVERED,C:/Users/k18ka/Downloads/WhatsApp Image 2026-08-12 at 13.51.00.jpeg
DOC-05,5,4,38.7,HRC,RECOVERED,C:/Users/k18ka/Downloads/WhatsApp Image 2026-08-12 at 13.51.00.jpeg
DOC-05,6,1,39.5,HRC,RECOVERED,C:/Users/k18ka/Downloads/WhatsApp Image 2026-08-12 at 13.51.00.jpeg
DOC-05,6,2,38.8,HRC,RECOVERED,C:/Users/k18ka/Downloads/WhatsApp Image 2026-08-12 at 13.51.00.jpeg
DOC-05,6,3,39.6,HRC,RECOVERED,C:/Users/k18ka/Downloads/WhatsApp Image 2026-08-12 at 13.51.00.jpeg
DOC-05,6,4,39.3,HRC,RECOVERED,C:/Users/k18ka/Downloads/WhatsApp Image 2026-08-12 at 13.51.00.jpeg
DOC-05,7,1,36.2,HRC,RECOVERED,C:/Users/k18ka/Downloads/WhatsApp Image 2026-08-12 at 13.51.00.jpeg
DOC-05,7,2,37.1,HRC,RECOVERED,C:/Users/k18ka/Downloads/WhatsApp Image 2026-08-12 at 13.51.00.jpeg
DOC-05,7,3,38.2,HRC,RECOVERED,C:/Users/k18ka/Downloads/WhatsApp Image 2026-08-12 at 13.51.00.jpeg
DOC-05,7,4,37.2,HRC,RECOVERED,C:/Users/k18ka/Downloads/WhatsApp Image 2026-08-12 at 13.51.00.jpeg
DOC-05,8,1,38.4,HRC,RECOVERED,C:/Users/k18ka/Downloads/WhatsApp Image 2026-08-12 at 13.51.00.jpeg
DOC-05,8,2,38.5,HRC,RECOVERED,C:/Users/k18ka/Downloads/WhatsApp Image 2026-08-12 at 13.51.00.jpeg
DOC-05,8,3,38.3,HRC,RECOVERED,C:/Users/k18ka/Downloads/WhatsApp Image 2026-08-12 at 13.51.00.jpeg
DOC-05,8,4,38.4,HRC,RECOVERED,C:/Users/k18ka/Downloads/WhatsApp Image 2026-08-12 at 13.51.00.jpeg
DOC-05,9,1,38.6,HRC,RECOVERED,C:/Users/k18ka/Downloads/WhatsApp Image 2026-08-12 at 13.51.00.jpeg
DOC-05,9,2,,HRC,UNRESOLVED,C:/Users/k18ka/Downloads/WhatsApp Image 2026-08-12 at 13.51.00.jpeg
DOC-05,9,3,39.2,HRC,RECOVERED,C:/Users/k18ka/Downloads/WhatsApp Image 2026-08-12 at 13.51.00.jpeg
DOC-05,9,4,39.0,HRC,RECOVERED,C:/Users/k18ka/Downloads/WhatsApp Image 2026-08-12 at 13.51.00.jpeg
DOC-05,10,1,39.0,HRC,RECOVERED,C:/Users/k18ka/Downloads/WhatsApp Image 2026-08-12 at 13.51.00.jpeg
DOC-05,10,2,39.4,HRC,RECOVERED,C:/Users/k18ka/Downloads/WhatsApp Image 2026-08-12 at 13.51.00.jpeg
DOC-05,10,3,39.0,HRC,RECOVERED,C:/Users/k18ka/Downloads/WhatsApp Image 2026-08-12 at 13.51.00.jpeg
DOC-05,10,4,39.2,HRC,RECOVERED,C:/Users/k18ka/Downloads/WhatsApp Image 2026-08-12 at 13.51.00.jpeg
DOC-05,11,1,39.3,HRC,RECOVERED,C:/Users/k18ka/Downloads/WhatsApp Image 2026-08-12 at 13.51.00.jpeg
DOC-05,11,2,39.4,HRC,RECOVERED,C:/Users/k18ka/Downloads/WhatsApp Image 2026-08-12 at 13.51.00.jpeg
DOC-05,11,3,39.8,HRC,RECOVERED,C:/Users/k18ka/Downloads/WhatsApp Image 2026-08-12 at 13.51.00.jpeg
DOC-05,11,4,39.5,HRC,RECOVERED,C:/Users/k18ka/Downloads/WhatsApp Image 2026-08-12 at 13.51.00.jpeg
DOC-05,12,1,38.6,HRC,RECOVERED,C:/Users/k18ka/Downloads/WhatsApp Image 2026-08-12 at 13.51.00.jpeg
DOC-05,12,2,40.0,HRC,RECOVERED,C:/Users/k18ka/Downloads/WhatsApp Image 2026-08-12 at 13.51.00.jpeg
DOC-05,12,3,39.2,HRC,RECOVERED,C:/Users/k18ka/Downloads/WhatsApp Image 2026-08-12 at 13.51.00.jpeg
DOC-05,12,4,39.3,HRC,RECOVERED,C:/Users/k18ka/Downloads/WhatsApp Image 2026-08-12 at 13.51.00.jpeg
DOC-05,13,1,38.6,HRC,RECOVERED,C:/Users/k18ka/Downloads/WhatsApp Image 2026-08-12 at 13.51.00.jpeg
DOC-05,13,2,39.3,HRC,RECOVERED,C:/Users/k18ka/Downloads/WhatsApp Image 2026-08-12 at 13.51.00.jpeg
DOC-05,13,3,39.8,HRC,RECOVERED,C:/Users/k18ka/Downloads/WhatsApp Image 2026-08-12 at 13.51.00.jpeg
DOC-05,13,4,39.6,HRC,RECOVERED,C:/Users/k18ka/Downloads/WhatsApp Image 2026-08-12 at 13.51.00.jpeg
DOC-05,14,1,38.1,HRC,RECOVERED,C:/Users/k18ka/Downloads/WhatsApp Image 2026-08-12 at 13.51.00.jpeg
DOC-05,14,2,39.8,HRC,RECOVERED,C:/Users/k18ka/Downloads/WhatsApp Image 2026-08-12 at 13.51.00.jpeg
DOC-05,14,3,38.4,HRC,RECOVERED,C:/Users/k18ka/Downloads/WhatsApp Image 2026-08-12 at 13.51.00.jpeg
DOC-05,14,4,38.8,HRC,RECOVERED,C:/Users/k18ka/Downloads/WhatsApp Image 2026-08-12 at 13.51.00.jpeg
DOC-05,15,1,39.8,HRC,RECOVERED,C:/Users/k18ka/Downloads/WhatsApp Image 2026-08-12 at 13.51.00.jpeg
DOC-05,15,2,40.0,HRC,RECOVERED,C:/Users/k18ka/Downloads/WhatsApp Image 2026-08-12 at 13.51.00.jpeg
DOC-05,15,3,39.1,HRC,RECOVERED,C:/Users/k18ka/Downloads/WhatsApp Image 2026-08-12 at 13.51.00.jpeg
DOC-05,15,4,39.6,HRC,RECOVERED,C:/Users/k18ka/Downloads/WhatsApp Image 2026-08-12 at 13.51.00.jpeg
DOC-05,16,1,39.8,HRC,RECOVERED,C:/Users/k18ka/Downloads/WhatsApp Image 2026-08-12 at 13.51.00.jpeg
DOC-05,16,2,39.3,HRC,RECOVERED,C:/Users/k18ka/Downloads/WhatsApp Image 2026-08-12 at 13.51.00.jpeg
DOC-05,16,3,39.9,HRC,RECOVERED,C:/Users/k18ka/Downloads/WhatsApp Image 2026-08-12 at 13.51.00.jpeg
DOC-05,16,4,39.7,HRC,RECOVERED,C:/Users/k18ka/Downloads/WhatsApp Image 2026-08-12 at 13.51.00.jpeg
DOC-05,17,1,40.3,HRC,RECOVERED,C:/Users/k18ka/Downloads/WhatsApp Image 2026-08-12 at 13.51.00.jpeg
DOC-05,17,2,39.8,HRC,RECOVERED,C:/Users/k18ka/Downloads/WhatsApp Image 2026-08-12 at 13.51.00.jpeg
DOC-05,17,3,39.0,HRC,RECOVERED,C:/Users/k18ka/Downloads/WhatsApp Image 2026-08-12 at 13.51.00.jpeg
DOC-05,17,4,39.7,HRC,RECOVERED,C:/Users/k18ka/Downloads/WhatsApp Image 2026-08-12 at 13.51.00.jpeg
DOC-05,18,1,37.7,HRC,RECOVERED,C:/Users/k18ka/Downloads/WhatsApp Image 2026-08-12 at 13.51.00.jpeg
DOC-05,18,2,39.0,HRC,RECOVERED,C:/Users/k18ka/Downloads/WhatsApp Image 2026-08-12 at 13.51.00.jpeg
DOC-05,18,3,39.0,HRC,RECOVERED,C:/Users/k18ka/Downloads/WhatsApp Image 2026-08-12 at 13.51.00.jpeg
DOC-05,18,4,38.6,HRC,RECOVERED,C:/Users/k18ka/Downloads/WhatsApp Image 2026-08-12 at 13.51.00.jpeg
DOC-05,19,1,38.7,HRC,RECOVERED,C:/Users/k18ka/Downloads/WhatsApp Image 2026-08-12 at 13.51.00.jpeg
DOC-05,19,2,38.7,HRC,RECOVERED,C:/Users/k18ka/Downloads/WhatsApp Image 2026-08-12 at 13.51.00.jpeg
DOC-05,19,3,38.2,HRC,RECOVERED,C:/Users/k18ka/Downloads/WhatsApp Image 2026-08-12 at 13.51.00.jpeg
DOC-05,19,4,38.5,HRC,RECOVERED,C:/Users/k18ka/Downloads/WhatsApp Image 2026-08-12 at 13.51.00.jpeg
DOC-05,20,1,37.8,HRC,RECOVERED,C:/Users/k18ka/Downloads/WhatsApp Image 2026-08-12 at 13.51.00.jpeg
DOC-05,20,2,38.6,HRC,RECOVERED,C:/Users/k18ka/Downloads/WhatsApp Image 2026-08-12 at 13.51.00.jpeg
DOC-05,20,3,38.0,HRC,RECOVERED,C:/Users/k18ka/Downloads/WhatsApp Image 2026-08-12 at 13.51.00.jpeg
DOC-05,20,4,38.2,HRC,RECOVERED,C:/Users/k18ka/Downloads/WhatsApp Image 2026-08-12 at 13.51.00.jpeg
DOC-05,21,1,38.1,HRC,RECOVERED,C:/Users/k18ka/Downloads/WhatsApp Image 2026-08-12 at 13.51.00.jpeg
DOC-05,21,2,38.4,HRC,RECOVERED,C:/Users/k18ka/Downloads/WhatsApp Image 2026-08-12 at 13.51.00.jpeg
DOC-05,21,3,38.0,HRC,RECOVERED,C:/Users/k18ka/Downloads/WhatsApp Image 2026-08-12 at 13.51.00.jpeg
DOC-05,21,4,38.2,HRC,RECOVERED,C:/Users/k18ka/Downloads/WhatsApp Image 2026-08-12 at 13.51.00.jpeg
DOC-05,22,1,38.4,HRC,RECOVERED,C:/Users/k18ka/Downloads/WhatsApp Image 2026-08-12 at 13.51.00.jpeg
DOC-05,22,2,39.0,HRC,RECOVERED,C:/Users/k18ka/Downloads/WhatsApp Image 2026-08-12 at 13.51.00.jpeg
DOC-05,22,3,37.5,HRC,RECOVERED,C:/Users/k18ka/Downloads/WhatsApp Image 2026-08-12 at 13.51.00.jpeg
DOC-05,22,4,38.0,HRC,RECOVERED,C:/Users/k18ka/Downloads/WhatsApp Image 2026-08-12 at 13.51.00.jpeg
DOC-05,23,1,37.9,HRC,RECOVERED,C:/Users/k18ka/Downloads/WhatsApp Image 2026-08-12 at 13.51.00.jpeg
DOC-05,23,2,38.4,HRC,RECOVERED,C:/Users/k18ka/Downloads/WhatsApp Image 2026-08-12 at 13.51.00.jpeg
DOC-05,23,3,37.8,HRC,RECOVERED,C:/Users/k18ka/Downloads/WhatsApp Image 2026-08-12 at 13.51.00.jpeg
DOC-05,23,4,38.0,HRC,RECOVERED,C:/Users/k18ka/Downloads/WhatsApp Image 2026-08-12 at 13.51.00.jpeg
DOC-05,24,1,38.1,HRC,RECOVERED,C:/Users/k18ka/Downloads/WhatsApp Image 2026-08-12 at 13.51.00.jpeg
DOC-05,24,2,38.6,HRC,RECOVERED,C:/Users/k18ka/Downloads/WhatsApp Image 2026-08-12 at 13.51.00.jpeg
DOC-05,24,3,37.7,HRC,RECOVERED,C:/Users/k18ka/Downloads/WhatsApp Image 2026-08-12 at 13.51.00.jpeg
DOC-05,24,4,37.9,HRC,RECOVERED,C:/Users/k18ka/Downloads/WhatsApp Image 2026-08-12 at 13.51.00.jpeg
