document_id,item_number,use_case,source
DOC-02,1,Medical predictive analytics: intervention six hours before a critical period,C:/Users/k18ka/Downloads/WhatsApp Image 2026-08-12 at 13.51.02.jpeg
DOC-02,2,Day-ahead LMP forecasting,C:/Users/k18ka/Downloads/WhatsApp Image 2026-08-12 at 13.51.02.jpeg
DOC-02,3,Spend-class classification,C:/Users/k18ka/Downloads/WhatsApp Image 2026-08-12 at 13.51.02.jpeg
DOC-02,4,Polaris BoM data extraction,C:/Users/k18ka/Downloads/WhatsApp Image 2026-08-12 at 13.51.02.jpeg
DOC-02,5,Intel data-extraction feasibility,C:/Users/k18ka/Downloads/WhatsApp Image 2026-08-12 at 13.51.02.jpeg
DOC-02,6,AI Builder integration for data extraction,C:/Users/k18ka/Downloads/WhatsApp Image 2026-08-12 at 13.51.02.jpeg
DOC-02,7,Metadata extraction and quality checking,C:/Users/k18ka/Downloads/WhatsApp Image 2026-08-12 at 13.51.02.jpeg
DOC-02,8,Iron-ore silica percentage prediction and Ubiqwise edge ML,C:/Users/k18ka/Downloads/WhatsApp Image 2026-08-12 at 13.51.02.jpeg
DOC-02,9,Halliburton journal classification,C:/Users/k18ka/Downloads/WhatsApp Image 2026-08-12 at 13.51.02.jpeg
DOC-02,10,CoC extraction from PDFs,C:/Users/k18ka/Downloads/WhatsApp Image 2026-08-12 at 13.51.02.jpeg
DOC-02,11,Huawei sentiment analysis,C:/Users/k18ka/Downloads/WhatsApp Image 2026-08-12 at 13.51.02.jpeg
DOC-02,12,Optimal setpoint inference,C:/Users/k18ka/Downloads/WhatsApp Image 2026-08-12 at 13.51.02.jpeg
DOC-02,13,Route optimization,C:/Users/k18ka/Downloads/WhatsApp Image 2026-08-12 at 13.51.02.jpeg
DOC-02,14,BK Medical log analytics,C:/Users/k18ka/Downloads/WhatsApp Image 2026-08-12 at 13.51.02.jpeg
DOC-02,15,Vehicle number-plate extraction for iBEMS,C:/Users/k18ka/Downloads/WhatsApp Image 2026-08-12 at 13.51.02.jpeg
DOC-02,16,Predictive/prescriptive control analytics for a fertilizer plant,C:/Users/k18ka/Downloads/WhatsApp Image 2026-08-12 at 13.51.02.jpeg
DOC-02,17,Chatbot,C:/Users/k18ka/Downloads/WhatsApp Image 2026-08-12 at 13.51.02.jpeg
DOC-02,18,Complaint handling from FSE logs,C:/Users/k18ka/Downloads/WhatsApp Image 2026-08-12 at 13.51.02.jpeg
DOC-02,19,Clinical evaluation process,C:/Users/k18ka/Downloads/WhatsApp Image 2026-08-12 at 13.51.02.jpeg
DOC-03,1,Part rationalization,C:/Users/k18ka/Downloads/WhatsApp Image 2026-08-12 at 13.51.01 (1).jpeg
DOC-03,2,MediaKind catalog management,C:/Users/k18ka/Downloads/WhatsApp Image 2026-08-12 at 13.51.01 (1).jpeg
DOC-03,3,Part-rationalization analytics services,C:/Users/k18ka/Downloads/WhatsApp Image 2026-08-12 at 13.51.01 (1).jpeg
DOC-03,4,EM costing,C:/Users/k18ka/Downloads/WhatsApp Image 2026-08-12 at 13.51.01 (1).jpeg
DOC-03,5,Supplier assessment and recommendation,C:/Users/k18ka/Downloads/WhatsApp Image 2026-08-12 at 13.51.01 (1).jpeg
DOC-03,6,Drone NextGen cognitive application,C:/Users/k18ka/Downloads/WhatsApp Image 2026-08-12 at 13.51.01 (1).jpeg
DOC-03,7,Smart tagging and document comparison,C:/Users/k18ka/Downloads/WhatsApp Image 2026-08-12 at 13.51.01 (1).jpeg
DOC-03,8,MTR validation,C:/Users/k18ka/Downloads/WhatsApp Image 2026-08-12 at 13.51.01 (1).jpeg
DOC-03,9,Video credit extraction,C:/Users/k18ka/Downloads/WhatsApp Image 2026-08-12 at 13.51.01 (1).jpeg
DOC-03,10,2D engineering-drawing extraction,C:/Users/k18ka/Downloads/WhatsApp Image 2026-08-12 at 13.51.01 (1).jpeg
DOC-03,11,UTAS MRO PO processing,C:/Users/k18ka/Downloads/WhatsApp Image 2026-08-12 at 13.51.01 (1).jpeg
DOC-03,12,Document comparison for standard-document migration,C:/Users/k18ka/Downloads/WhatsApp Image 2026-08-12 at 13.51.01 (1).jpeg
DOC-03,13,Electricity-bill extraction,C:/Users/k18ka/Downloads/WhatsApp Image 2026-08-12 at 13.51.01 (1).jpeg
DOC-03,14,FSE log analysis,C:/Users/k18ka/Downloads/WhatsApp Image 2026-08-12 at 13.51.01 (1).jpeg
DOC-03,15,ExxonMobil geodata work,C:/Users/k18ka/Downloads/WhatsApp Image 2026-08-12 at 13.51.01 (1).jpeg
DOC-03,16,Nameplate extraction,C:/Users/k18ka/Downloads/WhatsApp Image 2026-08-12 at 13.51.01 (1).jpeg
DOC-03,17,Brakeplate extraction,C:/Users/k18ka/Downloads/WhatsApp Image 2026-08-12 at 13.51.01 (1).jpeg
DOC-03,18,KM 3.0 virtual agent,C:/Users/k18ka/Downloads/WhatsApp Image 2026-08-12 at 13.51.01 (1).jpeg
DOC-03,19,Amiens invoice extraction,C:/Users/k18ka/Downloads/WhatsApp Image 2026-08-12 at 13.51.01 (1).jpeg
DOC-03,20,Sentiment analysis for smart buildings,C:/Users/k18ka/Downloads/WhatsApp Image 2026-08-12 at 13.51.01 (1).jpeg
DOC-03,21,Component extraction pilot,C:/Users/k18ka/Downloads/WhatsApp Image 2026-08-12 at 13.51.01 (1).jpeg
DOC-03,22,Specification-document extraction,C:/Users/k18ka/Downloads/WhatsApp Image 2026-08-12 at 13.51.01 (1).jpeg
